"cohort_name","concept_id","concept_name","found_from","domain_id","vocabulary_id","standard_concept"
"vte",762050,"Chronic thrombosis of bilateral subclavian veins","From initial search","Condition","SNOMED","S"
"vte",35611569,"Bilateral acute thrombosis of superficial vein of upper limbs","From initial search","Condition","SNOMED","S"
"vte",44782747,"Acute deep venous thrombosis of femoral vein","From initial search","Condition","SNOMED","S"
"vte",44782752,"Acute deep venous thrombosis of internal jugular vein","From initial search","Condition","SNOMED","S"
"vte",36712892,"Acute thrombosis of splenic vein","From initial search","Condition","SNOMED","S"
"vte",37169260,"Acute deep vein thrombosis of bilateral upper limbs following coronary artery bypass graft","From initial search","Condition","SNOMED","S"
"vte",761452,"Acute thrombosis of superficial vein of right lower extremity","From initial search","Condition","SNOMED","S"
"vte",761458,"Chronic thrombosis of superficial vein of right upper extremity","From initial search","Condition","SNOMED","S"
"vte",761462,"Acute deep venous thrombosis of left pelvic vein","From initial search","Condition","SNOMED","S"
"vte",765049,"Thrombosis of left peroneal vein","From initial search","Condition","SNOMED","S"
"vte",4119760,"Iliofemoral deep vein thrombosis","From initial search","Condition","SNOMED","S"
"vte",762020,"Acute deep venous thrombosis of bilateral popliteal veins","From initial search","Condition","SNOMED","S"
"vte",762029,"Chronic deep venous thrombosis of tibial vein of right leg","From initial search","Condition","SNOMED","S"
"vte",765155,"Acute deep venous thrombosis of bilateral ileofemoral veins","From initial search","Condition","SNOMED","S"
"vte",762016,"Chronic deep venous thrombosis of right ileofemoral vein","From initial search","Condition","SNOMED","S"
"vte",762148,"Acute deep vein thrombosis of bilateral iliac veins","From initial search","Condition","SNOMED","S"
"vte",4203836,"Thrombosis of subclavian vein","From initial search","Condition","SNOMED","S"
"vte",4207899,"Deep venous thrombosis of tibial vein","From initial search","Condition","SNOMED","S"
"vte",763795,"Thrombosis of cephalic vein","From initial search","Condition","SNOMED","S"
"vte",618482,"Acute deep venous thrombosis of left peroneal vein","From initial search","Condition","SNOMED","S"
"vte",618687,"Left peroneal vein chronic deep venous thrombosis","From initial search","Condition","SNOMED","S"
"vte",762024,"Chronic deep venous thrombosis of popliteal vein of left leg","From initial search","Condition","SNOMED","S"
"vte",44782737,"Chronic deep venous thrombosis of tibial vein","From initial search","Condition","SNOMED","S"
"vte",36712891,"Chronic thrombosis of splenic vein","From initial search","Condition","SNOMED","S"
"vte",761459,"Chronic thrombosis of superficial vein of left upper extremity","From initial search","Condition","SNOMED","S"
"vte",765229,"Acute deep venous thrombosis of right pelvic vein","From initial search","Condition","SNOMED","S"
"vte",761416,"Acute deep vein thrombosis of left upper limb following coronary artery bypass graft","From initial search","Condition","SNOMED","S"
"vte",193512,"Embolism and thrombosis of the renal vein","From initial search","Condition","SNOMED","S"
"vte",4124856,"Inferior mesenteric vein thrombosis","From initial search","Condition","SNOMED","S"
"vte",4077218,"Superficial vein thrombosis","From initial search","Condition","SNOMED","S"
"vte",762010,"Acute deep venous thrombosis of right axillary vein","From initial search","Condition","SNOMED","S"
"vte",765154,"Chronic deep venous thrombosis of femoral vein of right lower extremity","From initial search","Condition","SNOMED","S"
"vte",765541,"Acute deep venous thrombosis of ileofemoral vein of right lower extremity","From initial search","Condition","SNOMED","S"
"vte",765922,"Acute deep venous thrombosis of left internal jugular vein","From initial search","Condition","SNOMED","S"
"vte",762027,"Chronic deep venous thrombosis of tibial vein of bilateral lower extremities","From initial search","Condition","SNOMED","S"
"vte",762047,"Acute bilateral thrombosis of subclavian veins","From initial search","Condition","SNOMED","S"
"vte",765152,"Chronic deep vein thrombosis of bilateral iliac veins","From initial search","Condition","SNOMED","S"
"vte",35616025,"Chronic deep vein thrombosis of right iliac vein","From initial search","Condition","SNOMED","S"
"vte",762811,"Cerebral venous thrombosis of cortical vein without infarction","From initial search","Condition","SNOMED","S"
"vte",40480555,"Deep venous thrombosis of peroneal vein","From initial search","Condition","SNOMED","S"
"vte",40481089,"Embolism from thrombosis of vein of lower extremity","From initial search","Condition","SNOMED","S"
"vte",764726,"Thrombosis of basal vein","From initial search","Condition","SNOMED","S"
"vte",45773536,"Deep venous thrombosis of femoropopliteal vein","From initial search","Condition","SNOMED","S"
"vte",46271471,"Acute thrombosis of superficial vein of lower limb","From initial search","Condition","SNOMED","S"
"vte",46271475,"Chronic thrombosis of superficial vein of lower limb","From initial search","Condition","SNOMED","S"
"vte",4319329,"Thrombosis of cerebral veins","From initial search","Condition","SNOMED","S"
"vte",1244504,"Chronic deep vein thrombosis of left upper limb following procedure","From initial search","Condition","SNOMED","S"
"vte",1245579,"Bilateral chronic deep vein thrombosis of upper limbs following procedure","From initial search","Condition","SNOMED","S"
"vte",1246043,"Acute deep vein thrombosis during pregnancy","From initial search","Condition","SNOMED","S"
"vte",36712810,"Acute thrombosis of superficial vein of left upper limb","From initial search","Condition","SNOMED","S"
"vte",44782748,"Acute deep venous thrombosis of iliofemoral vein","From initial search","Condition","SNOMED","S"
"vte",45757410,"Acute thrombosis of mesenteric vein","From initial search","Condition","SNOMED","S"
"vte",4046884,"Deep vein thrombosis of leg related to air travel","From initial search","Condition","SNOMED","S"
"vte",37169261,"Acute deep vein thrombosis of bilateral lower limbs following procedure","From initial search","Condition","SNOMED","S"
"vte",35615030,"Acute deep vein thrombosis of right upper limb following procedure","From initial search","Condition","SNOMED","S"
"vte",608832,"Acute deep vein thrombosis of left lower limb following coronary artery bypass graft","From initial search","Condition","SNOMED","S"
"vte",761454,"Acute thrombosis of superficial veins of both lower extremities","From initial search","Condition","SNOMED","S"
"vte",4309333,"Postoperative deep vein thrombosis","From initial search","Condition","SNOMED","S"
"vte",762007,"Chronic deep vein thrombosis of right upper extremity","From initial search","Condition","SNOMED","S"
"vte",765543,"Chronic deep venous thrombosis of left ileofemoral vein","From initial search","Condition","SNOMED","S"
"vte",762019,"Chronic deep venous thrombosis of bilateral internal jugular veins","From initial search","Condition","SNOMED","S"
"vte",762443,"Thrombosis of superficial vein of penis","From initial search","Condition","SNOMED","S"
"vte",762828,"Thrombosis of cerebral medullary veins","From initial search","Condition","SNOMED","S"
"vte",4258295,"Embolism from thrombosis of vein of distal lower extremity","From initial search","Condition","SNOMED","S"
"vte",40479840,"Embolism from thrombosis of vein of thigh","From initial search","Condition","SNOMED","S"
"vte",764882,"Thrombosis of jugular vein","From initial search","Condition","SNOMED","S"
"vte",618678,"Bilateral acute deep venous thrombosis of peroneal veins","From initial search","Condition","SNOMED","S"
"vte",4319327,"Thrombosis of pelvic vein","From initial search","Condition","SNOMED","S"
"vte",1244117,"Chronic deep vein thrombosis during pregnancy","From initial search","Condition","SNOMED","S"
"vte",44782744,"Acute deep venous thrombosis of tibial vein","From initial search","Condition","SNOMED","S"
"vte",44782755,"Chronic deep venous thrombosis of internal jugular vein","From initial search","Condition","SNOMED","S"
"vte",44782736,"Chronic deep venous thrombosis of popliteal vein","From initial search","Condition","SNOMED","S"
"vte",37163271,"Thromboembolism due to thrombosis of iliac vein","From initial search","Condition","SNOMED","S"
"vte",37163265,"Venous thromboembolism due to thrombosis of vein of lower limb","From initial search","Condition","SNOMED","S"
"vte",37173265,"Bilateral chronic deep venous thrombosis of peroneal veins","From initial search","Condition","SNOMED","S"
"vte",37173538,"Acute thrombosis of vein of thorax","From initial search","Condition","SNOMED","S"
"vte",35615035,"Acute deep vein thrombosis of left lower limb following procedure","From initial search","Condition","SNOMED","S"
"vte",761453,"Acute thrombosis of superficial vein of left lower extremity","From initial search","Condition","SNOMED","S"
"vte",608831,"Acute deep vein thrombosis of right lower limb following coronary artery bypass graft","From initial search","Condition","SNOMED","S"
"vte",761444,"Acute deep vein thrombosis of bilateral lower limbs following coronary artery bypass graft","From initial search","Condition","SNOMED","S"
"vte",4120114,"Thrombosis of transplanted vein","From initial search","Condition","SNOMED","S"
"vte",762008,"Acute deep venous thrombosis of bilateral axillary veins","From initial search","Condition","SNOMED","S"
"vte",762015,"Acute deep venous thrombosis of ileofemoral vein of left leg","From initial search","Condition","SNOMED","S"
"vte",762026,"Acute deep venous thrombosis of tibial vein of left leg","From initial search","Condition","SNOMED","S"
"vte",762048,"Acute thrombosis of left subclavian vein","From initial search","Condition","SNOMED","S"
"vte",765539,"Chronic deep vein thrombosis of right axillary vein","From initial search","Condition","SNOMED","S"
"vte",762017,"Acute deep venous thrombosis of bilateral internal jugular veins","From initial search","Condition","SNOMED","S"
"vte",765544,"Chronic deep venous thrombosis of left internal jugular vein","From initial search","Condition","SNOMED","S"
"vte",35616027,"Acute deep vein thrombosis of right iliac vein","From initial search","Condition","SNOMED","S"
"vte",35616028,"Acute deep vein thrombosis of left iliac vein","From initial search","Condition","SNOMED","S"
"vte",4323778,"Thrombosis of superficial vein of lower limb","From initial search","Condition","SNOMED","S"
"vte",764723,"Thrombosis of superior anastomotic vein","From initial search","Condition","SNOMED","S"
"vte",44811347,"Thrombosis of internal jugular vein","From initial search","Condition","SNOMED","S"
"vte",4207615,"Thrombosis of vein of trunk","From initial search","Condition","SNOMED","S"
"vte",44782743,"Acute deep venous thrombosis of popliteal vein","From initial search","Condition","SNOMED","S"
"vte",44782762,"Acute thrombosis of subclavian vein","From initial search","Condition","SNOMED","S"
"vte",44782760,"Acute thrombosis of superficial vein of upper extremity","From initial search","Condition","SNOMED","S"
"vte",44782761,"Acute deep venous thrombosis of pelvic vein","From initial search","Condition","SNOMED","S"
"vte",37169249,"Acute deep vein thrombosis of bilateral upper limbs following procedure","From initial search","Condition","SNOMED","S"
"vte",37171353,"Acute ischemia of colon due to thrombosis of mesenteric vein","From initial search","Condition","SNOMED","S"
"vte",37174224,"Thrombosis of right cephalic vein","From initial search","Condition","SNOMED","S"
"vte",761415,"Acute deep vein thrombosis of right upper limb following coronary artery bypass graft","From initial search","Condition","SNOMED","S"
"vte",4049318,"Thrombosis of renal vein","From initial search","Condition","SNOMED","S"
"vte",199837,"Portal vein thrombosis","From initial search","Condition","SNOMED","S"
"vte",435885,"Antenatal deep vein thrombosis with antenatal complication","From initial search","Condition","SNOMED","S"
"vte",762012,"Chronic deep venous thrombosis of left axillary vein","From initial search","Condition","SNOMED","S"
"vte",762013,"Acute deep venous thrombosis of right femoral vein","From initial search","Condition","SNOMED","S"
"vte",765153,"Chronic deep venous thrombosis of femoral vein of left lower extremity","From initial search","Condition","SNOMED","S"
"vte",4149782,"Thrombosis of vein of lower limb","From initial search","Condition","SNOMED","S"
"vte",44811348,"Thrombosis of external jugular vein","From initial search","Condition","SNOMED","S"
"vte",3656111,"Thrombosis of multiple cerebral veins","From initial search","Condition","SNOMED","S"
"vte",4317289,"Thrombosis of mesenteric vein","From initial search","Condition","SNOMED","S"
"vte",46285905,"Provoked deep vein thrombosis","From initial search","Condition","SNOMED","S"
"vte",619946,"Right peroneal vein chronic deep venous thrombosis","From initial search","Condition","SNOMED","S"
"vte",4187790,"Thrombosis of retinal vein","From initial search","Condition","SNOMED","S"
"vte",765546,"Acute deep venous thrombosis of bilateral tibial veins","From initial search","Condition","SNOMED","S"
"vte",45757409,"Chronic thrombosis of mesenteric vein","From initial search","Condition","SNOMED","S"
"vte",36712811,"Acute thrombosis of superficial vein of right upper limb","From initial search","Condition","SNOMED","S"
"vte",4133975,"Deep venous thrombosis of pelvic vein","From initial search","Condition","SNOMED","S"
"vte",44782739,"Chronic deep venous thrombosis of femoral vein","From initial search","Condition","SNOMED","S"
"vte",44782751,"Acute deep venous thrombosis of axillary vein","From initial search","Condition","SNOMED","S"
"vte",761026,"Chronic deep venous thrombosis of axillary vein","From initial search","Condition","SNOMED","S"
"vte",4033521,"Splenic vein thrombosis","From initial search","Condition","SNOMED","S"
"vte",37163283,"Venous thromboembolism originating from vena cava","From initial search","Condition","SNOMED","S"
"vte",761441,"Chronic deep vein thrombosis of right pelvic vein","From initial search","Condition","SNOMED","S"
"vte",761455,"Thrombosis of bilateral renal veins","From initial search","Condition","SNOMED","S"
"vte",761456,"Thrombosis of left renal vein","From initial search","Condition","SNOMED","S"
"vte",761457,"Thrombosis of right renal vein","From initial search","Condition","SNOMED","S"
"vte",761460,"Chronic thrombosis of superficial vein of bilateral upper limbs","From initial search","Condition","SNOMED","S"
"vte",4124857,"Thrombosis of vein of lower leg","From initial search","Condition","SNOMED","S"
"vte",4124858,"Transplant renal vein thrombosis","From initial search","Condition","SNOMED","S"
"vte",762009,"Acute deep venous thrombosis of left axillary vein","From initial search","Condition","SNOMED","S"
"vte",765542,"Chronic deep venous thrombosis of bilateral ileofemoral veins","From initial search","Condition","SNOMED","S"
"vte",762046,"Chronic thrombosis of right subclavian vein","From initial search","Condition","SNOMED","S"
"vte",762051,"Chronic thrombosis of left subclavian vein","From initial search","Condition","SNOMED","S"
"vte",762011,"Chronic deep venous thrombosis of bilateral axillary veins","From initial search","Condition","SNOMED","S"
"vte",762023,"Chronic deep venous thrombosis of bilateral popliteal veins","From initial search","Condition","SNOMED","S"
"vte",4179911,"Axillary vein thrombosis","From initial search","Condition","SNOMED","S"
"vte",4175649,"Thrombosis of the popliteal vein","From initial search","Condition","SNOMED","S"
"vte",46285904,"Unprovoked deep vein thrombosis","From initial search","Condition","SNOMED","S"
"vte",1245858,"Postpartum acute deep vein thrombosis","From initial search","Condition","SNOMED","S"
"vte",4301208,"Hepatic vein thrombosis","From initial search","Condition","SNOMED","S"
"vte",44782754,"Chronic thrombosis of superficial vein of upper extremity","From initial search","Condition","SNOMED","S"
"vte",46273489,"Thrombosis of vein of upper limb","From initial search","Condition","SNOMED","S"
"vte",37163260,"Venous thromboembolism due to thrombosis of vein of upper limb","From initial search","Condition","SNOMED","S"
"vte",37170675,"Acute ischemia of small intestine due to thrombosis of mesenteric vein","From initial search","Condition","SNOMED","S"
"vte",37170678,"Acute infarction of colon due to mesenteric vein thrombosis","From initial search","Condition","SNOMED","S"
"vte",37173436,"Infarction of small intestine due to mesenteric vein thrombosis","From initial search","Condition","SNOMED","S"
"vte",761439,"Chronic deep vein thrombosis of left pelvic vein","From initial search","Condition","SNOMED","S"
"vte",761440,"Chronic deep venous thrombosis of bilateral pelvic veins","From initial search","Condition","SNOMED","S"
"vte",765228,"Chronic thrombosis of superficial veins of both lower extremities","From initial search","Condition","SNOMED","S"
"vte",761451,"Chronic thrombosis of superficial vein of right leg","From initial search","Condition","SNOMED","S"
"vte",4055089,"Superior mesenteric vein thrombosis","From initial search","Condition","SNOMED","S"
"vte",4046443,"Cerebral venous thrombosis of cortical vein","From initial search","Condition","SNOMED","S"
"vte",4084942,"Brachiocephalic vein thrombosis","From initial search","Condition","SNOMED","S"
"vte",762018,"Acute deep venous thrombosis of right internal jugular vein","From initial search","Condition","SNOMED","S"
"vte",762021,"Acute deep venous thrombosis of popliteal vein of left leg","From initial search","Condition","SNOMED","S"
"vte",762025,"Chronic deep venous thrombosis of popliteal vein of right leg","From initial search","Condition","SNOMED","S"
"vte",762049,"Acute thrombosis of right subclavian vein","From initial search","Condition","SNOMED","S"
"vte",4322565,"Deep venous thrombosis of profunda femoris vein","From initial search","Condition","SNOMED","S"
"vte",46271548,"Chronic deep vein thrombosis of pelvic vein","From initial search","Condition","SNOMED","S"
"vte",4295878,"Thrombosis of penile vein","From initial search","Condition","SNOMED","S"
"vte",618681,"Acute deep venous thrombosis of right peroneal vein","From initial search","Condition","SNOMED","S"
"vte",435887,"Antepartum deep vein thrombosis","From initial search","Condition","SNOMED","S"
"vte",44782740,"Chronic deep venous thrombosis of iliofemoral vein","From initial search","Condition","SNOMED","S"
"vte",44782759,"Chronic thrombosis of subclavian vein","From initial search","Condition","SNOMED","S"
"vte",761013,"Deep venous thrombosis of bilateral pelvic veins","From initial search","Condition","SNOMED","S"
"vte",761098,"Thrombosis of left cephalic vein","From initial search","Condition","SNOMED","S"
"vte",35615031,"Acute deep vein thrombosis of left upper limb following procedure","From initial search","Condition","SNOMED","S"
"vte",35615034,"Acute deep vein thrombosis of right lower limb following procedure","From initial search","Condition","SNOMED","S"
"vte",761461,"Acute deep venous thrombosis of bilateral pelvic veins","From initial search","Condition","SNOMED","S"
"vte",4048787,"Cerebral venous thrombosis of great cerebral vein","From initial search","Condition","SNOMED","S"
"vte",37109253,"Bilateral acute deep vein thrombosis of femoral veins","From initial search","Condition","SNOMED","S"
"vte",765540,"Acute deep venous thrombosis of left femoral vein","From initial search","Condition","SNOMED","S"
"vte",762014,"Chronic deep venous thrombosis of femoral veins of both lower extremities","From initial search","Condition","SNOMED","S"
"vte",765545,"Chronic deep venous thrombosis of right internal jugular vein","From initial search","Condition","SNOMED","S"
"vte",765156,"Acute deep venous thrombosis of tibial vein of right leg","From initial search","Condition","SNOMED","S"
"vte",762028,"Chronic deep venous thrombosis of tibial vein of left leg","From initial search","Condition","SNOMED","S"
"vte",762022,"Acute deep venous thrombosis of politeal vein of right leg","From initial search","Condition","SNOMED","S"
"vte",35616026,"Chronic deep vein thrombosis of left iliac vein","From initial search","Condition","SNOMED","S"
"vte",4153353,"Traumatic thrombosis of axillary vein","From initial search","Condition","SNOMED","S"
"vte",762938,"Cerebral venous thrombosis of cortical vein with infarction","From initial search","Condition","SNOMED","S"
"vte",40478951,"Bilateral deep vein thrombosis of lower extremities","From initial search","Condition","SNOMED","S"
"vte",763926,"Chronic thrombosis of superficial vein of left leg","From initial search","Condition","SNOMED","S"
"vte",43531681,"Acute deep vein thrombosis of lower limb","From initial search","Condition","SNOMED","S"
"vte",46271900,"Recurrent deep vein thrombosis","From initial search","Condition","SNOMED","S"
"vte",42538533,"Thrombosis of iliac vein","From initial search","Condition","SNOMED","S"
"vte",3655221,"Deep vein thrombosis of lower extremity due to intravenous drug use","From initial search","Condition","SNOMED","S"
"vte",44811353,"Thrombosis of vein of transplanted kidney","From initial search","Condition","SNOMED","S"
"vte",1244505,"Chronic deep vein thrombosis of right upper limb following procedure","From initial search","Condition","SNOMED","S"
"vte",1244887,"Thrombosis of splanchnic vein","From initial search","Condition","SNOMED","S"
"vte",1245911,"Postpartum chronic deep vein thrombosis","From initial search","Condition","SNOMED","S"
"vte",760876,"Acute deep venous thrombosis of left calf","From descendants","Condition","SNOMED","S"
"vte",46270071,"Acute deep venous thrombosis of lower limb due to and following coronary artery bypass grafting","From descendants","Condition","SNOMED","S"
"vte",44782421,"Acute deep venous thrombosis of upper extremity","From descendants","Condition","SNOMED","S"
"vte",44782765,"Chronic deep venous thrombosis of upper extremity as complication of procedure","From descendants","Condition","SNOMED","S"
"vte",37165990,"Tumor thrombus of inferior vena cava","From descendants","Condition","SNOMED","S"
"vte",37108983,"Thrombophlebitis of vein of right upper limb","From descendants","Condition","SNOMED","S"
"vte",761808,"Thrombophlebitis of deep vein of left upper limb","From descendants","Condition","SNOMED","S"
"vte",609001,"Thrombophlebitis of right popliteal vein","From descendants","Condition","SNOMED","S"
"vte",761818,"Thrombophlebitis of right femoral vein","From descendants","Condition","SNOMED","S"
"vte",761821,"Thrombophlebitis of left deep femoral vein","From descendants","Condition","SNOMED","S"
"vte",761832,"Thrombophlebitis of deep vein of right lower limb","From descendants","Condition","SNOMED","S"
"vte",35615103,"Right lower limb vein thrombophlebitis","From descendants","Condition","SNOMED","S"
"vte",608904,"Thrombophlebitis of left axillary vein","From descendants","Condition","SNOMED","S"
"vte",36713009,"Thrombophlebitis of left saphenous vein","From descendants","Condition","SNOMED","S"
"vte",609017,"Bilateral jugular vein thrombophlebitis","From descendants","Condition","SNOMED","S"
"vte",4109877,"Thrombophlebitis of the internal iliac vein","From descendants","Condition","SNOMED","S"
"vte",4110343,"Thrombophlebitis of the external iliac vein","From descendants","Condition","SNOMED","S"
"vte",4062269,"Cerebral venous thrombosis in pregnancy","From descendants","Condition","SNOMED","S"
"vte",761928,"Deep venous thrombosis of right upper extremity","From descendants","Condition","SNOMED","S"
"vte",4043901,"Septic thrombophlebitis of great cerebral vein","From descendants","Condition","SNOMED","S"
"vte",4334888,"Neovascularization of eye due to juvenile central retinal vein occlusion","From descendants","Condition","SNOMED","S"
"vte",4335591,"Macular edema due to juvenile central retinal vein occlusion","From descendants","Condition","SNOMED","S"
"vte",4124855,"Superficial thrombophlebitis of cephalic vein","From descendants","Condition","SNOMED","S"
"vte",4084941,"Thrombosis of superior vena cava","From descendants","Condition","SNOMED","S"
"vte",762004,"Acute deep venous thrombosis of both upper extremities","From descendants","Condition","SNOMED","S"
"vte",762006,"Chronic deep venous thrombosis of both upper extremities","From descendants","Condition","SNOMED","S"
"vte",4216561,"Thrombophlebitis of retinal vein","From descendants","Condition","SNOMED","S"
"vte",46270070,"Chronic deep venous thrombosis of lower limb due to and following coronary artery bypass grafting","From descendants","Condition","SNOMED","S"
"vte",44782756,"Chronic thrombosis of superior vena cava","From descendants","Condition","SNOMED","S"
"vte",761446,"Chronic deep venous thrombosis of left thigh","From descendants","Condition","SNOMED","S"
"vte",761809,"Thrombophlebitis of deep vein of right upper limb","From descendants","Condition","SNOMED","S"
"vte",761819,"Thrombophlebitis of left femoral vein","From descendants","Condition","SNOMED","S"
"vte",761831,"Thrombophlebitis of deep vein of bilateral lower limbs","From descendants","Condition","SNOMED","S"
"vte",4334246,"Central retinal vein occlusion with neovascularization","From descendants","Condition","SNOMED","S"
"vte",4339013,"Branch retinal vein occlusion with macular edema","From descendants","Condition","SNOMED","S"
"vte",761980,"Deep venous thrombosis of left upper extremity","From descendants","Condition","SNOMED","S"
"vte",201045,"Thrombosed external hemorrhoids","From descendants","Condition","SNOMED","S"
"vte",762005,"Acute deep venous thrombosis of right upper extremity","From descendants","Condition","SNOMED","S"
"vte",4199035,"Branch retinal vein occlusion with no neovascularization","From descendants","Condition","SNOMED","S"
"vte",4208222,"Central retinal vein occlusion - non-ischemic","From descendants","Condition","SNOMED","S"
"vte",763942,"Deep venous thrombosis of left lower extremity","From descendants","Condition","SNOMED","S"
"vte",4284538,"Phlegmasia cerulea dolens","From descendants","Condition","SNOMED","S"
"vte",4300990,"Pulmonary venous thrombosis","From descendants","Condition","SNOMED","S"
"vte",44782745,"Acute deep venous thrombosis of thigh","From descendants","Condition","SNOMED","S"
"vte",606527,"Thrombosis of pampiniform plexus","From descendants","Condition","SNOMED","S"
"vte",606774,"Phlegmasia alba dolens in pregnancy","From descendants","Condition","SNOMED","S"
"vte",44782741,"Chronic deep venous thrombosis of upper extremity","From descendants","Condition","SNOMED","S"
"vte",44782742,"Acute deep venous thrombosis of calf","From descendants","Condition","SNOMED","S"
"vte",44782767,"Acute deep venous thrombosis of lower extremity as complication of procedure","From descendants","Condition","SNOMED","S"
"vte",761445,"Chronic deep venous thrombosis of bilateral calves","From descendants","Condition","SNOMED","S"
"vte",36713001,"Thrombophlebitis of vein of left upper limb","From descendants","Condition","SNOMED","S"
"vte",35615077,"Bilateral upper limb superficial vein thrombophlebitis","From descendants","Condition","SNOMED","S"
"vte",609004,"Thrombophlebitis of right tibial vein","From descendants","Condition","SNOMED","S"
"vte",609005,"Thrombophlebitis of left tibial vein","From descendants","Condition","SNOMED","S"
"vte",609006,"Bilateral tibial vein thrombophlebitis","From descendants","Condition","SNOMED","S"
"vte",4110337,"Superficial thrombophlebitis of long saphenous vein","From descendants","Condition","SNOMED","S"
"vte",4112171,"Thrombophlebitis of the popliteal vein","From descendants","Condition","SNOMED","S"
"vte",4112172,"Thrombophlebitis of the posterior tibial vein","From descendants","Condition","SNOMED","S"
"vte",765537,"Acute deep venous thrombosis of left upper extremity","From descendants","Condition","SNOMED","S"
"vte",443537,"Deep venous thrombosis of lower extremity","From descendants","Condition","SNOMED","S"
"vte",763941,"Deep venous thrombosis of right lower extremity","From descendants","Condition","SNOMED","S"
"vte",201595,"Thrombosed internal hemorrhoids","From descendants","Condition","SNOMED","S"
"vte",764712,"Thrombophlebitis of internal cerebral vein","From descendants","Condition","SNOMED","S"
"vte",35626336,"Thrombophlebitis of dorsal venous arch of foot","From descendants","Condition","SNOMED","S"
"vte",4316223,"Thrombophlebitis of vena cava","From descendants","Condition","SNOMED","S"
"vte",433218,"Thrombophlebitis of superficial veins of upper extremities","From descendants","Condition","SNOMED","S"
"vte",4028057,"Deep venous thrombosis of upper extremity","From descendants","Condition","SNOMED","S"
"vte",44782734,"Chronic deep venous thrombosis of calf","From descendants","Condition","SNOMED","S"
"vte",44782757,"Acute thrombosis of superior vena cava","From descendants","Condition","SNOMED","S"
"vte",37163011,"Deep venous thrombosis of calf","From descendants","Condition","SNOMED","S"
"vte",37165926,"Superficial thrombophlebitis following administration of drug via intravenous route","From descendants","Condition","SNOMED","S"
"vte",761450,"Chronic deep venous thrombosis of right calf","From descendants","Condition","SNOMED","S"
"vte",36713003,"Thrombophlebitis of superficial vein of left upper limb","From descendants","Condition","SNOMED","S"
"vte",609000,"Thrombophlebitis of left popliteal vein","From descendants","Condition","SNOMED","S"
"vte",761830,"Thrombophlebitis of deep vein of left lower limb","From descendants","Condition","SNOMED","S"
"vte",35615104,"Bilateral lower limb superficial vein thrombophlebitis","From descendants","Condition","SNOMED","S"
"vte",4109873,"Superficial thrombophlebitis of short saphenous vein","From descendants","Condition","SNOMED","S"
"vte",439314,"Thrombophlebitis of the femoral vein","From descendants","Condition","SNOMED","S"
"vte",4111868,"Thrombophlebitis of the common iliac vein","From descendants","Condition","SNOMED","S"
"vte",4334248,"Branch retinal vein occlusion with neovascularization","From descendants","Condition","SNOMED","S"
"vte",4146460,"Superficial thrombophlebitis in pregnancy","From descendants","Condition","SNOMED","S"
"vte",4205652,"Thrombophlebitis of subclavian vein","From descendants","Condition","SNOMED","S"
"vte",4281689,"Phlegmasia alba dolens","From descendants","Condition","SNOMED","S"
"vte",4218759,"Superficial migratory thrombophlebitis","From descendants","Condition","SNOMED","S"
"vte",4250765,"Thrombophlebitis of tibial vein","From descendants","Condition","SNOMED","S"
"vte",4222639,"Thrombosis of vena cava","From descendants","Condition","SNOMED","S"
"vte",44782766,"Acute deep venous thrombosis of upper extremity as complication of procedure","From descendants","Condition","SNOMED","S"
"vte",46273494,"Acute thrombosis of inferior vena cava","From descendants","Condition","SNOMED","S"
"vte",46270157,"Chronic thrombosis of inferior vena cava","From descendants","Condition","SNOMED","S"
"vte",608964,"Left iliac vein thrombophlebitis","From descendants","Condition","SNOMED","S"
"vte",35615101,"Bilateral lower limb vein thrombophlebitis","From descendants","Condition","SNOMED","S"
"vte",36713010,"Thrombophlebitis of right saphenous vein","From descendants","Condition","SNOMED","S"
"vte",600939,"Right subclavian vein thrombophlebitis","From descendants","Condition","SNOMED","S"
"vte",435565,"Embolism and thrombosis of the vena cava","From descendants","Condition","SNOMED","S"
"vte",4339010,"Central retinal vein occlusion with macular edema","From descendants","Condition","SNOMED","S"
"vte",4119759,"Saphenous vein thrombophlebitis","From descendants","Condition","SNOMED","S"
"vte",4092406,"Portal thrombophlebitis","From descendants","Condition","SNOMED","S"
"vte",762417,"Acute deep venous thrombosis of bilateral legs","From descendants","Condition","SNOMED","S"
"vte",762422,"Chronic deep venous thrombosis of right lower extremity","From descendants","Condition","SNOMED","S"
"vte",762420,"Bilateral chronic deep venous thrombosis of lower extremities","From descendants","Condition","SNOMED","S"
"vte",444055,"Thrombophlebitis of superficial veins of lower extremity","From descendants","Condition","SNOMED","S"
"vte",763149,"Thrombophlebitis of superior anastomotic vein","From descendants","Condition","SNOMED","S"
"vte",4289731,"Thrombophlebitis of breast","From descendants","Condition","SNOMED","S"
"vte",44782738,"Chronic deep venous thrombosis of thigh","From descendants","Condition","SNOMED","S"
"vte",44782735,"Chronic deep venous thrombosis of lower extremity","From descendants","Condition","SNOMED","S"
"vte",761039,"Superficial venous thrombosis of upper extremity","From descendants","Condition","SNOMED","S"
"vte",761447,"Chronic deep venous thrombosis of left calf","From descendants","Condition","SNOMED","S"
"vte",761448,"Chronic deep venous thrombosis of right thigh","From descendants","Condition","SNOMED","S"
"vte",761449,"Chronic deep venous thrombosis of bilateral thighs","From descendants","Condition","SNOMED","S"
"vte",608963,"Right iliac vein thrombophlebitis","From descendants","Condition","SNOMED","S"
"vte",609002,"Bilateral femoral vein thrombophlebitis","From descendants","Condition","SNOMED","S"
"vte",36713011,"Thrombophlebitis of superficial vein of left lower limb","From descendants","Condition","SNOMED","S"
"vte",36713002,"Thrombophlebitis of superficial vein of right upper limb","From descendants","Condition","SNOMED","S"
"vte",600938,"Left subclavian vein thrombophlebitis","From descendants","Condition","SNOMED","S"
"vte",4069561,"Thrombophlebitis of deep femoral vein","From descendants","Condition","SNOMED","S"
"vte",4047634,"Septic thrombophlebitis of cortical vein","From descendants","Condition","SNOMED","S"
"vte",312622,"Venous retinal branch occlusion","From descendants","Condition","SNOMED","S"
"vte",4208221,"Central retinal vein occlusion - ischemic","From descendants","Condition","SNOMED","S"
"vte",762419,"Acute deep venous thrombosis of right lower extremity","From descendants","Condition","SNOMED","S"
"vte",4176614,"Thrombophlebitis of iliac vein","From descendants","Condition","SNOMED","S"
"vte",4230403,"Thrombophlebitis of axillary vein","From descendants","Condition","SNOMED","S"
"vte",42710054,"Thrombophlebitis of superficial veins of lower leg","From descendants","Condition","SNOMED","S"
"vte",4269051,"Phlegmasia alba dolens in puerperium","From descendants","Condition","SNOMED","S"
"vte",195294,"Thrombosed hemorrhoids","From descendants","Condition","SNOMED","S"
"vte",4317290,"Thrombophlebitis of pelvic vein","From descendants","Condition","SNOMED","S"
"vte",440750,"Thrombophlebitis of deep veins of upper extremities","From descendants","Condition","SNOMED","S"
"vte",602592,"Left peroneal vein thrombophlebitis","From descendants","Condition","SNOMED","S"
"vte",607312,"Thrombophlebitis of bilateral lower limbs in puerperium","From descendants","Condition","SNOMED","S"
"vte",760877,"Acute deep venous thrombosis of right calf","From descendants","Condition","SNOMED","S"
"vte",37164448,"Lemierre syndrome","From descendants","Condition","SNOMED","S"
"vte",608903,"Thrombophlebitis of right axillary vein","From descendants","Condition","SNOMED","S"
"vte",761817,"Thrombophlebitis of bilateral saphenous veins","From descendants","Condition","SNOMED","S"
"vte",609003,"Bilateral deep femoral vein thrombophlebitis","From descendants","Condition","SNOMED","S"
"vte",35615105,"Left lower limb vein thrombophlebitis","From descendants","Condition","SNOMED","S"
"vte",37108993,"Thrombophlebitis of superficial vein of right lower limb","From descendants","Condition","SNOMED","S"
"vte",35615120,"Thrombophlebitis of left jugular vein","From descendants","Condition","SNOMED","S"
"vte",4066234,"Cerebral venous thrombosis in puerperium","From descendants","Condition","SNOMED","S"
"vte",4339011,"Central retinal vein occlusion - juvenile","From descendants","Condition","SNOMED","S"
"vte",4119758,"Superficial thrombophlebitis of basilic vein","From descendants","Condition","SNOMED","S"
"vte",4084446,"Thrombosis of inferior vena cava","From descendants","Condition","SNOMED","S"
"vte",765538,"Chronic deep venous thrombosis of left upper extremity","From descendants","Condition","SNOMED","S"
"vte",4143293,"Superficial thrombophlebitis in puerperium","From descendants","Condition","SNOMED","S"
"vte",4158798,"Mondor's phlebitis of the penis","From descendants","Condition","SNOMED","S"
"vte",4203618,"Thrombophlebitis of femoropopliteal vein","From descendants","Condition","SNOMED","S"
"vte",4285751,"Pelvic thrombophlebitis in puerperium","From descendants","Condition","SNOMED","S"
"vte",313761,"Central retinal vein occlusion","From descendants","Condition","SNOMED","S"
"vte",4318407,"Thrombophlebitis of mesenteric vein","From descendants","Condition","SNOMED","S"
"vte",319054,"Thrombophlebitis of upper extremities","From descendants","Condition","SNOMED","S"
"vte",4085025,"Superficial thrombophlebitis","From descendants","Condition","SNOMED","S"
"vte",602583,"Right peroneal vein thrombophlebitis","From descendants","Condition","SNOMED","S"
"vte",607311,"Thrombophlebitis of bilateral lower limbs in pregnancy","From descendants","Condition","SNOMED","S"
"vte",760875,"Acute deep venous thrombosis of bilateral calves","From descendants","Condition","SNOMED","S"
"vte",608966,"Thrombosed internal hemorrhoid grade IV","From descendants","Condition","SNOMED","S"
"vte",35615078,"Bilateral upper limb vein thrombophlebitis","From descendants","Condition","SNOMED","S"
"vte",761820,"Thrombophlebitis of right deep femoral vein","From descendants","Condition","SNOMED","S"
"vte",608965,"Bilateral iliac vein thrombophlebitis","From descendants","Condition","SNOMED","S"
"vte",35615121,"Thrombophlebitis of right jugular vein","From descendants","Condition","SNOMED","S"
"vte",4110339,"Thrombophlebitis of the anterior tibial vein","From descendants","Condition","SNOMED","S"
"vte",762418,"Acute deep venous thrombosis of left lower extremity","From descendants","Condition","SNOMED","S"
"vte",762421,"Chronic deep venous thrombosis of left lower extremity","From descendants","Condition","SNOMED","S"
"vte",764016,"Acute deep venous thrombosis of upper extremity after coronary artery bypass graft","From descendants","Condition","SNOMED","S"
"vte",764503,"Occlusion of cerebral vein by nonpyogenic thrombus","From descendants","Condition","SNOMED","S"
"vte",764715,"Thrombophlebitis of internal jugular vein","From descendants","Condition","SNOMED","S"
"vte",42535735,"Combined occlusion by thrombus of retinal artery and retinal vein","From descendants","Condition","SNOMED","S"
"vte",4319332,"Thrombophlebitis of cerebral vein","From descendants","Condition","SNOMED","S"
"vte",1245776,"Bilateral popliteal vein thrombophlebitis","From descendants","Condition","SNOMED","S"
"mi",37172159,"Acute ST segment elevation myocardial infarction due to mid left circumflex coronary artery occlusion","From initial search","Condition","SNOMED","S"
"mi",37172160,"Acute ST segment elevation myocardial infarction due to obtuse marginal branch of left circumflex coronary artery occlusion","From initial search","Condition","SNOMED","S"
"mi",4030582,"Postoperative myocardial infarction","From initial search","Condition","SNOMED","S"
"mi",44782769,"Acute myocardial infarction due to left coronary artery occlusion","From initial search","Condition","SNOMED","S"
"mi",4108217,"Subsequent myocardial infarction","From initial search","Condition","SNOMED","S"
"mi",4108218,"Subsequent myocardial infarction of inferior wall","From initial search","Condition","SNOMED","S"
"mi",4151046,"Acute myocardial infarction of basal-lateral wall","From initial search","Condition","SNOMED","S"
"mi",4200113,"Non-Q wave myocardial infarction","From initial search","Condition","SNOMED","S"
"mi",4270024,"Acute non-ST segment elevation myocardial infarction","From initial search","Condition","SNOMED","S"
"mi",4323202,"Mixed myocardial ischemia and infarction","From initial search","Condition","SNOMED","S"
"mi",37109912,"Arrhythmia due to and following acute myocardial infarction","From initial search","Condition","SNOMED","S"
"mi",3654465,"Acute myocardial infarction of right ventricle","From initial search","Condition","SNOMED","S"
"mi",3654466,"Acute myocardial infarction of apex of heart","From initial search","Condition","SNOMED","S"
"mi",3661520,"Acute ST segment elevation myocardial infarction due to occlusion of anterior descending branch of left coronary artery","From initial search","Condition","SNOMED","S"
"mi",37163285,"Ventricular thrombus following acute myocardial infarction","From initial search","Condition","SNOMED","S"
"mi",46270159,"Acute ST segment elevation myocardial infarction of anterolateral wall","From initial search","Condition","SNOMED","S"
"mi",436706,"Acute myocardial infarction of lateral wall","From initial search","Condition","SNOMED","S"
"mi",4243372,"Acute myocardial infarction of apical-lateral wall","From initial search","Condition","SNOMED","S"
"mi",45766076,"Acute ST segment elevation myocardial infarction of anterior wall involving right ventricle","From initial search","Condition","SNOMED","S"
"mi",4303359,"Acute myocardial infarction of septum","From initial search","Condition","SNOMED","S"
"mi",3661502,"Acute ST segment elevation myocardial infarction due to proximal left anterior descending coronary artery occlusion","From initial search","Condition","SNOMED","S"
"mi",3661547,"Acute ST segment elevation myocardial infarction due to occlusion of diagonal branch of anterior descending branch of left coronary artery","From initial search","Condition","SNOMED","S"
"mi",604430,"Acute ST segment elevation myocardial infarction of right ventricle","From initial search","Condition","SNOMED","S"
"mi",604427,"Acute ST segment elevation myocardial infarction due to occlusion of circumflex branch of left coronary artery","From initial search","Condition","SNOMED","S"
"mi",37160791,"Postoperative acute myocardial infarction","From initial search","Condition","SNOMED","S"
"mi",37163084,"Acute non-ST segment elevation myocardial infarction of right ventricle","From initial search","Condition","SNOMED","S"
"mi",37169262,"Acute ST segment elevation myocardial infarction of atrium","From initial search","Condition","SNOMED","S"
"mi",37172162,"Acute ST segment elevation myocardial infarction due to posterolateral branch of left circumflex coronary artery occlusion","From initial search","Condition","SNOMED","S"
"mi",35611570,"Acute ST segment elevation myocardial infarction of inferolateral wall","From initial search","Condition","SNOMED","S"
"mi",46270160,"Acute ST segment elevation myocardial infarction of anteroseptal wall","From initial search","Condition","SNOMED","S"
"mi",46270164,"Acute ST segment elevation myocardial infarction of septum","From initial search","Condition","SNOMED","S"
"mi",36712985,"Mural thrombus of left ventricle following acute myocardial infarction","From initial search","Condition","SNOMED","S"
"mi",37309626,"Myocardial infarction due to demand ischemia","From initial search","Condition","SNOMED","S"
"mi",312327,"Acute myocardial infarction","From initial search","Condition","SNOMED","S"
"mi",4267568,"Acute anteroseptal myocardial infarction","From initial search","Condition","SNOMED","S"
"mi",4275436,"Acute myocardial infarction of high lateral wall","From initial search","Condition","SNOMED","S"
"mi",45773170,"Subsequent ST segment elevation myocardial infarction of inferior wall","From initial search","Condition","SNOMED","S"
"mi",45766114,"Subsequent ST segment elevation myocardial infarction","From initial search","Condition","SNOMED","S"
"mi",45766241,"Subsequent non-ST segment elevation myocardial infarction","From initial search","Condition","SNOMED","S"
"mi",4324413,"Acute myocardial infarction of posterobasal wall","From initial search","Condition","SNOMED","S"
"mi",37109910,"Ventricular aneurysm due to and following acute myocardial infarction","From initial search","Condition","SNOMED","S"
"mi",604179,"Myocardial infarction due to atherothrombotic coronary artery disease","From initial search","Condition","SNOMED","S"
"mi",441579,"Acute myocardial infarction of inferoposterior wall","From initial search","Condition","SNOMED","S"
"mi",37163289,"Subsequent anterior non-ST segment elevation myocardial infarction","From initial search","Condition","SNOMED","S"
"mi",606159,"Mitral valve regurgitation due to acute myocardial infarction","From initial search","Condition","SNOMED","S"
"mi",46270158,"Acute ST segment elevation myocardial infarction of posterolateral wall","From initial search","Condition","SNOMED","S"
"mi",46270162,"Acute ST segment elevation myocardial infarction due to left coronary artery occlusion","From initial search","Condition","SNOMED","S"
"mi",46270163,"Acute ST segment elevation myocardial infarction due to right coronary artery occlusion","From initial search","Condition","SNOMED","S"
"mi",46273495,"Acute ST segment elevation myocardial infarction of posterobasal wall","From initial search","Condition","SNOMED","S"
"mi",4051874,"Acute myocardial infarction of posterolateral wall","From initial search","Condition","SNOMED","S"
"mi",439693,"True posterior myocardial infarction","From initial search","Condition","SNOMED","S"
"mi",4108669,"Acute myocardial infarction of atrium","From initial search","Condition","SNOMED","S"
"mi",438172,"Atrial septal defect due to and following acute myocardial infarction","From initial search","Condition","SNOMED","S"
"mi",4108219,"Rupture of chordae tendinae due to and following acute myocardial infarction","From initial search","Condition","SNOMED","S"
"mi",319039,"Acute posterior myocardial infarction","From initial search","Condition","SNOMED","S"
"mi",4119950,"Old lateral myocardial infarction","From initial search","Condition","SNOMED","S"
"mi",4124686,"Silent myocardial infarction","From initial search","Condition","SNOMED","S"
"mi",4147223,"Rupture of ventricle due to acute myocardial infarction","From initial search","Condition","SNOMED","S"
"mi",45766151,"Acute ST segment elevation myocardial infarction of inferior wall involving right ventricle","From initial search","Condition","SNOMED","S"
"mi",42537536,"Mural thrombus of right ventricle following acute myocardial infarction","From initial search","Condition","SNOMED","S"
"mi",3654467,"Acute myocardial infarction of inferolateral wall with posterior extension","From initial search","Condition","SNOMED","S"
"mi",3661644,"Acute ST segment elevation myocardial infarction due to occlusion of marginal branch of right coronary artery","From initial search","Condition","SNOMED","S"
"mi",604425,"Acute myocardial infarction due to occlusion of circumflex branch of left coronary artery","From initial search","Condition","SNOMED","S"
"mi",37172157,"Acute ST segment elevation myocardial infarction due to distal left circumflex coronary artery occlusion","From initial search","Condition","SNOMED","S"
"mi",35610087,"Postoperative nontransmural myocardial infarction","From initial search","Condition","SNOMED","S"
"mi",4179525,"New myocardial infarction compared to prior study","From initial search","Condition","SNOMED","S"
"mi",46274044,"Acute ST segment elevation myocardial infarction of lateral wall","From initial search","Condition","SNOMED","S"
"mi",314666,"Old myocardial infarction","From initial search","Condition","SNOMED","S"
"mi",4108677,"Subsequent myocardial infarction of anterior wall","From initial search","Condition","SNOMED","S"
"mi",4108220,"Rupture of papillary muscle as current complication following acute myocardial infarction","From initial search","Condition","SNOMED","S"
"mi",4108678,"Hemopericardium due to and following acute myocardial infarction","From initial search","Condition","SNOMED","S"
"mi",4121467,"Old inferior myocardial infarction","From initial search","Condition","SNOMED","S"
"mi",45766075,"Acute anterior ST segment elevation myocardial infarction","From initial search","Condition","SNOMED","S"
"mi",45766116,"Acute ST segment elevation myocardial infarction of inferior wall","From initial search","Condition","SNOMED","S"
"mi",45766214,"Mitral valve regurgitation due to acute myocardial infarction without papillary muscle and chordal rupture","From initial search","Condition","SNOMED","S"
"mi",37109911,"Pulmonary embolism due to and following acute myocardial infarction","From initial search","Condition","SNOMED","S"
"mi",37311079,"Early postmyocardial infarction pericarditis","From initial search","Condition","SNOMED","S"
"mi",3661503,"Acute ST segment elevation myocardial infarction due to mid left anterior descending coronary artery occlusion","From initial search","Condition","SNOMED","S"
"mi",3655133,"Acute ST segment elevation myocardial infarction due to occlusion of intermediate artery","From initial search","Condition","SNOMED","S"
"mi",3661646,"Acute ST segment elevation myocardial infarction due to occlusion of posterior lateral branch of right coronary artery","From initial search","Condition","SNOMED","S"
"mi",604429,"Acute ST segment elevation myocardial infarction of apex of heart","From initial search","Condition","SNOMED","S"
"mi",37163020,"Acute inferior non-ST segment elevation myocardial infarction","From initial search","Condition","SNOMED","S"
"mi",37163023,"Acute anterior non-ST segment elevation myocardial infarction","From initial search","Condition","SNOMED","S"
"mi",46270161,"Acute ST segment elevation myocardial infarction of posterior wall","From initial search","Condition","SNOMED","S"
"mi",4108215,"Coronary thrombosis not resulting in myocardial infarction","From initial search","Condition","SNOMED","S"
"mi",44782712,"Acute myocardial infarction due to right coronary artery occlusion","From initial search","Condition","SNOMED","S"
"mi",4119947,"Acute widespread myocardial infarction","From initial search","Condition","SNOMED","S"
"mi",4119949,"Old anterior myocardial infarction","From initial search","Condition","SNOMED","S"
"mi",4170094,"Myocardial infarction in recovery phase","From initial search","Condition","SNOMED","S"
"mi",434376,"Acute myocardial infarction of anterior wall","From initial search","Condition","SNOMED","S"
"mi",438447,"Acute myocardial infarction of inferolateral wall","From initial search","Condition","SNOMED","S"
"mi",45771322,"Acute myocardial infarction of inferior wall involving right ventricle","From initial search","Condition","SNOMED","S"
"mi",45771327,"Mitral valve regurgitation due to acute myocardial infarction with papillary muscle and chordal rupture","From initial search","Condition","SNOMED","S"
"mi",438170,"Acute myocardial infarction of inferior wall","From initial search","Condition","SNOMED","S"
"mi",3661641,"Acute ST segment elevation myocardial infarction due to occlusion of proximal portion of right coronary artery","From initial search","Condition","SNOMED","S"
"mi",3661642,"Acute ST segment elevation myocardial infarction due to occlusion of distal portion of right coronary artery","From initial search","Condition","SNOMED","S"
"mi",3661643,"Acute ST segment elevation myocardial infarction due to occlusion of mid portion of right coronary artery","From initial search","Condition","SNOMED","S"
"mi",37160779,"Postmyocardial infarction pericardial effusion","From initial search","Condition","SNOMED","S"
"mi",37163019,"Acute inferior non-ST segment elevation myocardial infarction of right ventricle","From initial search","Condition","SNOMED","S"
"mi",35610089,"Postoperative transmural myocardial infarction","From initial search","Condition","SNOMED","S"
"mi",35610091,"Acute nontransmural myocardial infarction","From initial search","Condition","SNOMED","S"
"mi",35610093,"Acute transmural myocardial infarction","From initial search","Condition","SNOMED","S"
"mi",609083,"Rupture of interventricular septum following acute myocardial infarction","From initial search","Condition","SNOMED","S"
"mi",4329847,"Myocardial infarction","From initial search","Condition","SNOMED","S"
"mi",4124687,"Cardiac rupture due to and following acute myocardial infarction","From initial search","Condition","SNOMED","S"
"mi",43020460,"Acute ST segment elevation myocardial infarction involving left anterior descending coronary artery","From initial search","Condition","SNOMED","S"
"mi",4126801,"Acute Q wave myocardial infarction","From initial search","Condition","SNOMED","S"
"mi",4209541,"Postoperative transmural myocardial infarction of inferior wall","From initial search","Condition","SNOMED","S"
"mi",4206867,"Postoperative subendocardial myocardial infarction","From initial search","Condition","SNOMED","S"
"mi",4138833,"Past myocardial infarction diagnosed on ECG AND/OR other special investigation, but currently presenting no symptoms","From initial search","Condition","SNOMED","S"
"mi",4296653,"Acute ST segment elevation myocardial infarction","From initial search","Condition","SNOMED","S"
"mi",4178129,"Acute anteroapical myocardial infarction","From initial search","Condition","SNOMED","S"
"mi",438438,"Acute myocardial infarction of anterolateral wall","From initial search","Condition","SNOMED","S"
"mi",45766113,"Subsequent ST segment elevation myocardial infarction of anterior wall","From initial search","Condition","SNOMED","S"
"mi",4322145,"Pericarditis secondary to acute myocardial infarction","From initial search","Condition","SNOMED","S"
"mi",44784623,"Acute coronary artery occlusion not resulting in myocardial infarction","From initial search","Condition","SNOMED","S"
"mi",37311078,"Delayed postmyocardial infarction pericarditis","From initial search","Condition","SNOMED","S"
"mi",3661504,"Acute ST segment elevation myocardial infarction due to distal left anterior descending coronary artery occlusion","From initial search","Condition","SNOMED","S"
"mi",3661524,"Acute ST segment elevation myocardial infarction due to occlusion of septal branch of anterior descending branch of left coronary artery","From initial search","Condition","SNOMED","S"
"mi",3661645,"Acute ST segment elevation myocardial infarction due to occlusion of posterior descending branch of right coronary artery","From initial search","Condition","SNOMED","S"
"mi",37155849,"Old inferolateral myocardial infarction","From initial search","Condition","SNOMED","S"
"mi",37163290,"Subsequent inferior non-ST segment elevation myocardial infarction","From initial search","Condition","SNOMED","S"
"mi",37163022,"Acute anterior non-ST segment elevation myocardial infarction with right ventricular involvement","From initial search","Condition","SNOMED","S"
"mi",37172163,"Acute ST segment elevation myocardial infarction due to proximal left circumflex coronary artery occlusion","From initial search","Condition","SNOMED","S"
"mi",35611571,"Acute ST segment elevation myocardial infarction of inferoposterior wall","From initial search","Condition","SNOMED","S"
"mi",761736,"Acute ST segment elevation myocardial infarction of anteroapical wall","From initial search","Condition","SNOMED","S"
"mi",609068,"Supraventricular tachycardia following acute myocardial infarction","From initial search","Condition","SNOMED","S"
"mi",4108679,"Rupture of cardiac wall without hemopericardium as current complication following acute myocardial infarction","From initial search","Condition","SNOMED","S"
"mi",4108680,"Thrombosis of atrium, auricular appendage, and ventricle due to and following acute myocardial infarction","From initial search","Condition","SNOMED","S"
"mi",4121468,"Old posterior myocardial infarction","From initial search","Condition","SNOMED","S"
"mi",4207921,"Postoperative transmural myocardial infarction of anterior wall","From initial search","Condition","SNOMED","S"
"mi",765132,"Subendocardial myocardial infarction","From initial search","Condition","SNOMED","S"
"mi",4215259,"First myocardial infarction","From initial search","Condition","SNOMED","S"
"mi",45766115,"Acute myocardial infarction during procedure","From initial search","Condition","SNOMED","S"
"mi",45766150,"Acute myocardial infarction of anterior wall involving right ventricle","From initial search","Condition","SNOMED","S"
"mi",618951,"Myocardial infarction with non-obstructive coronary artery","From initial search","Condition","SNOMED","S"
"mi",4121464,"Acute Q wave infarction - inferior","From descendants","Condition","SNOMED","S"
"mi",4119946,"Acute non-Q wave infarction - inferolateral","From descendants","Condition","SNOMED","S"
"mi",4119943,"Acute Q wave infarction - anteroseptal","From descendants","Condition","SNOMED","S"
"mi",37171466,"Old infarct of myocardium of anterolateral region","From descendants","Condition","SNOMED","S"
"mi",37171473,"Old infarct of myocardium of posterolateral region","From descendants","Condition","SNOMED","S"
"mi",4119456,"Acute non-Q wave infarction - anteroseptal","From descendants","Condition","SNOMED","S"
"mi",4119944,"Acute non-Q wave infarction - anterolateral","From descendants","Condition","SNOMED","S"
"mi",4119945,"Acute non-Q wave infarction - inferior","From descendants","Condition","SNOMED","S"
"mi",4121466,"Acute non-Q wave infarction - lateral","From descendants","Condition","SNOMED","S"
"mi",4124685,"Acute non-Q wave infarction - widespread","From descendants","Condition","SNOMED","S"
"mi",37171475,"Old infarct of myocardium of ventricular septum","From descendants","Condition","SNOMED","S"
"mi",4119457,"Acute Q wave infarction - anterolateral","From descendants","Condition","SNOMED","S"
"mi",4121465,"Acute Q wave infarction - inferolateral","From descendants","Condition","SNOMED","S"
"mi",4173632,"Microinfarct of heart","From descendants","Condition","SNOMED","S"
"mi",37171470,"Old infarct of high lateral wall of myocardium","From descendants","Condition","SNOMED","S"
"mi",4119948,"Acute Q wave infarction - widespread","From descendants","Condition","SNOMED","S"
"mi",4145721,"Acute non-Q wave infarction","From descendants","Condition","SNOMED","S"
"mi",444406,"Acute subendocardial infarction","From descendants","Condition","SNOMED","S"
"mi",4124684,"Acute Q wave infarction - lateral","From descendants","Condition","SNOMED","S"
"mi",37171463,"Old infarct of myocardium of apex of heart","From descendants","Condition","SNOMED","S"
"heartf",4267800,"Acute left-sided heart failure","From initial search","Condition","SNOMED","S"
"heartf",43530642,"Systolic heart failure stage B","From initial search","Condition","SNOMED","S"
"heartf",44782733,"Acute on chronic combined systolic and diastolic heart failure","From initial search","Condition","SNOMED","S"
"heartf",439698,"Benign hypertensive heart disease with congestive cardiac failure","From initial search","Condition","SNOMED","S"
"heartf",314378,"Hypertensive heart disease with congestive heart failure","From initial search","Condition","SNOMED","S"
"heartf",44782655,"Acute exacerbation of chronic congestive heart failure","From initial search","Condition","SNOMED","S"
"heartf",45766167,"Heart failure with reduced ejection fraction due to cardiomyopathy","From initial search","Condition","SNOMED","S"
"heartf",45773075,"Heart failure with reduced ejection fraction due to heart valve disease","From initial search","Condition","SNOMED","S"
"heartf",316994,"Malignant hypertensive heart disease with congestive heart failure","From initial search","Condition","SNOMED","S"
"heartf",316139,"Heart failure","From initial search","Condition","SNOMED","S"
"heartf",43022068,"Exacerbation of congestive heart failure","From initial search","Condition","SNOMED","S"
"heartf",1245073,"Acute exacerbation of chronic heart failure","From initial search","Condition","SNOMED","S"
"heartf",43021841,"Diastolic heart failure stage D","From initial search","Condition","SNOMED","S"
"heartf",43530643,"Diastolic heart failure stage B","From initial search","Condition","SNOMED","S"
"heartf",439694,"Hypertensive heart and renal disease with both (congestive) heart failure and renal failure","From initial search","Condition","SNOMED","S"
"heartf",4195785,"Right heart failure secondary to left heart failure","From initial search","Condition","SNOMED","S"
"heartf",40481043,"Acute on chronic diastolic heart failure","From initial search","Condition","SNOMED","S"
"heartf",43020657,"Heart failure due to end stage congenital heart disease","From initial search","Condition","SNOMED","S"
"heartf",44784442,"Symptomatic congestive heart failure","From initial search","Condition","SNOMED","S"
"heartf",45766164,"Heart failure with reduced ejection fraction","From initial search","Condition","SNOMED","S"
"heartf",764877,"Acute heart failure co-occurrent with normal ejection fraction","From initial search","Condition","SNOMED","S"
"heartf",4215446,"Acute right-sided congestive heart failure","From initial search","Condition","SNOMED","S"
"heartf",3656094,"Low output heart failure due to and following Fontan operation","From initial search","Condition","SNOMED","S"
"heartf",4236658,"Pleural effusion due to congestive heart failure","From initial search","Condition","SNOMED","S"
"heartf",4240289,"Rheumatic heart valve failure","From initial search","Condition","SNOMED","S"
"heartf",4023479,"Acute congestive heart failure","From initial search","Condition","SNOMED","S"
"heartf",43021842,"Diastolic heart failure stage C","From initial search","Condition","SNOMED","S"
"heartf",43021840,"Systolic heart failure stage D","From initial search","Condition","SNOMED","S"
"heartf",43020421,"Systolic heart failure stage C","From initial search","Condition","SNOMED","S"
"heartf",44782718,"Acute combined systolic and diastolic heart failure","From initial search","Condition","SNOMED","S"
"heartf",36712928,"Congestive heart failure stage B due to ischemic cardiomyopathy","From initial search","Condition","SNOMED","S"
"heartf",36717359,"Systolic heart failure stage B due to ischemic cardiomyopathy","From initial search","Condition","SNOMED","S"
"heartf",36712929,"Systolic heart failure stage C due to ischemic cardiomyopathy","From initial search","Condition","SNOMED","S"
"heartf",439695,"Hypertensive heart and renal disease with renal failure","From initial search","Condition","SNOMED","S"
"heartf",762002,"Congestive heart failure as post-operative complication of cardiac surgery","From initial search","Condition","SNOMED","S"
"heartf",443587,"Diastolic heart failure","From initial search","Condition","SNOMED","S"
"heartf",4142561,"Congestive heart failure due to valvular disease","From initial search","Condition","SNOMED","S"
"heartf",444031,"Chronic heart failure","From initial search","Condition","SNOMED","S"
"heartf",43531001,"Diastolic heart failure stage A","From initial search","Condition","SNOMED","S"
"heartf",43531002,"Systolic heart failure stage A","From initial search","Condition","SNOMED","S"
"heartf",43021826,"Congestive heart failure stage C","From initial search","Condition","SNOMED","S"
"heartf",764876,"Chronic heart failure co-occurrent with normal ejection fraction","From initial search","Condition","SNOMED","S"
"heartf",4242669,"Biventricular congestive heart failure","From initial search","Condition","SNOMED","S"
"heartf",44782719,"Chronic combined systolic and diastolic heart failure","From initial search","Condition","SNOMED","S"
"heartf",36712927,"Congestive heart failure stage C due to ischemic cardiomyopathy","From initial search","Condition","SNOMED","S"
"heartf",762003,"Congestive heart failure as post-operative complication of non-cardiac surgery","From initial search","Condition","SNOMED","S"
"heartf",443580,"Systolic heart failure","From initial search","Condition","SNOMED","S"
"heartf",4311437,"Decompensated chronic heart failure","From initial search","Condition","SNOMED","S"
"heartf",40480602,"Acute on chronic systolic heart failure","From initial search","Condition","SNOMED","S"
"heartf",43021735,"Fetal heart failure","From initial search","Condition","SNOMED","S"
"heartf",319034,"Hypertensive heart disease without congestive heart failure","From initial search","Condition","SNOMED","S"
"heartf",45766165,"Heart failure with reduced ejection fraction due to coronary artery disease","From initial search","Condition","SNOMED","S"
"heartf",45766964,"Fetal heart failure due to extracardiac disease","From initial search","Condition","SNOMED","S"
"heartf",764872,"Reduced ejection fraction co-occurrent and due to chronic heart failure","From initial search","Condition","SNOMED","S"
"heartf",4327205,"Acute left-sided congestive heart failure","From initial search","Condition","SNOMED","S"
"heartf",313502,"Benign hypertensive heart disease without congestive heart failure","From initial search","Condition","SNOMED","S"
"heartf",315295,"Congestive rheumatic heart failure","From initial search","Condition","SNOMED","S"
"heartf",4009047,"Chronic left-sided heart failure","From initial search","Condition","SNOMED","S"
"heartf",44782728,"Hypertensive heart AND chronic kidney disease with congestive heart failure","From initial search","Condition","SNOMED","S"
"heartf",4309007,"Heart transplant failure and rejection","From initial search","Condition","SNOMED","S"
"heartf",4233424,"Acute right-sided heart failure","From initial search","Condition","SNOMED","S"
"heartf",4139864,"Congestive heart failure due to left ventricular systolic dysfunction","From initial search","Condition","SNOMED","S"
"heartf",764873,"Reduced ejection fraction co-occurrent and due to acute heart failure","From initial search","Condition","SNOMED","S"
"heartf",764871,"Reduced ejection fraction co-occurrent and due to acute on chronic heart failure","From initial search","Condition","SNOMED","S"
"heartf",37311948,"Heart failure with mid range ejection fraction","From initial search","Condition","SNOMED","S"
"heartf",4215689,"Heart failure confirmed","From initial search","Condition","SNOMED","S"
"heartf",4004279,"High output heart failure","From initial search","Condition","SNOMED","S"
"heartf",4014159,"Chronic right-sided heart failure","From initial search","Condition","SNOMED","S"
"heartf",37309625,"Acute on chronic right-sided congestive heart failure","From initial search","Condition","SNOMED","S"
"heartf",439696,"Hypertensive heart and renal disease with (congestive) heart failure","From initial search","Condition","SNOMED","S"
"heartf",4103448,"Low output heart failure","From initial search","Condition","SNOMED","S"
"heartf",4199500,"Refractory heart failure","From initial search","Condition","SNOMED","S"
"heartf",314369,"Malignant hypertensive heart disease without congestive heart failure","From initial search","Condition","SNOMED","S"
"heartf",40480603,"Acute systolic heart failure","From initial search","Condition","SNOMED","S"
"heartf",40486933,"Heart failure with normal ejection fraction","From initial search","Condition","SNOMED","S"
"heartf",43021736,"Fetal heart failure with redistribution of cardiac output","From initial search","Condition","SNOMED","S"
"heartf",40481042,"Acute diastolic heart failure","From initial search","Condition","SNOMED","S"
"heartf",43021825,"Congestive heart failure stage D","From initial search","Condition","SNOMED","S"
"heartf",44784345,"Congestive heart failure as early postoperative complication","From initial search","Condition","SNOMED","S"
"heartf",439846,"Left heart failure","From initial search","Condition","SNOMED","S"
"heartf",37163065,"Left ventricular failure with normal ejection fraction due to valvular heart disease","From initial search","Condition","SNOMED","S"
"heartf",44782428,"Congestive heart failure due to cardiomyopathy","From initial search","Condition","SNOMED","S"
"heartf",4124705,"Heart failure as a complication of care","From initial search","Condition","SNOMED","S"
"heartf",319835,"Congestive heart failure","From initial search","Condition","SNOMED","S"
"heartf",43022054,"Fetal heart failure with myocardial hypertrophy","From initial search","Condition","SNOMED","S"
"heartf",4206009,"Chronic left-sided congestive heart failure","From initial search","Condition","SNOMED","S"
"heartf",442310,"Acute heart failure","From initial search","Condition","SNOMED","S"
"heartf",40479192,"Chronic systolic heart failure","From initial search","Condition","SNOMED","S"
"heartf",4284562,"Chronic right-sided congestive heart failure","From initial search","Condition","SNOMED","S"
"heartf",45766166,"Heart failure with reduced ejection fraction due to myocarditis","From initial search","Condition","SNOMED","S"
"heartf",36713488,"Congestive heart failure stage B","From initial search","Condition","SNOMED","S"
"heartf",36676642,"X-linked intellectual disability, cardiomegaly, congestive heart failure syndrome","From initial search","Condition","SNOMED","S"
"heartf",619797,"Heart failure due to thyrotoxicosis","From initial search","Condition","SNOMED","S"
"heartf",37163261,"Right ventricular failure due to valvular heart disease","From initial search","Condition","SNOMED","S"
"heartf",4309008,"Heart-lung transplant failure and rejection","From initial search","Condition","SNOMED","S"
"heartf",44782713,"Congestive heart failure with right heart failure","From initial search","Condition","SNOMED","S"
"heartf",4293582,"Red half-moon nail in congestive heart failure","From initial search","Condition","SNOMED","S"
"heartf",40479576,"Chronic diastolic heart failure","From initial search","Condition","SNOMED","S"
"heartf",444101,"Hypertensive heart failure","From initial search","Condition","SNOMED","S"
"heartf",764874,"Acute on chronic heart failure co-occurrent with normal ejection fraction","From initial search","Condition","SNOMED","S"
"heartf",4229440,"Chronic congestive heart failure","From initial search","Condition","SNOMED","S"
"heartf",35615055,"Saddle embolus of pulmonary artery with acute cor pulmonale","From descendants","Condition","SNOMED","S"
"heartf",4264636,"Cardiac insufficiency following cardiac surgery","From descendants","Condition","SNOMED","S"
"heartf",37163068,"Left ventricular failure with normal ejection fraction due to coronary artery disease","From descendants","Condition","SNOMED","S"
"heartf",37163069,"Left ventricular failure with normal ejection fraction due to myocarditis","From descendants","Condition","SNOMED","S"
"heartf",37163071,"Left ventricular failure with normal ejection fraction due to cardiomyopathy","From descendants","Condition","SNOMED","S"
"heartf",608954,"Acute cor pulmonale due to septic pulmonary embolism","From descendants","Condition","SNOMED","S"
"heartf",4057759,"Rheumatic tricuspid valve failure","From descendants","Condition","SNOMED","S"
"heartf",4093993,"Cardiorespiratory failure during AND/OR resulting from a procedure","From descendants","Condition","SNOMED","S"
"heartf",4215802,"Cardiac asthma","From descendants","Condition","SNOMED","S"
"heartf",36716748,"Neonatal cardiac failure due to decreased left ventricular output","From descendants","Condition","SNOMED","S"
"heartf",37110330,"Neonatal cardiac failure due to pulmonary overperfusion","From descendants","Condition","SNOMED","S"
"heartf",4193236,"Ayerza's syndrome","From descendants","Condition","SNOMED","S"
"heartf",37163130,"Left ventricular failure with sepsis","From descendants","Condition","SNOMED","S"
"heartf",4071869,"Congenital cardiac failure","From descendants","Condition","SNOMED","S"
"heartf",4172864,"Neonatal cardiac failure","From descendants","Condition","SNOMED","S"
"heartf",4273632,"Right ventricular failure","From descendants","Condition","SNOMED","S"
"heartf",4205558,"Cardiac failure after obstetrical surgery AND/OR other procedure including delivery","From descendants","Condition","SNOMED","S"
"heartf",37163266,"Right ventricular failure due to pulmonary vascular disease","From descendants","Condition","SNOMED","S"
"heartf",4030258,"Bernheim's syndrome","From descendants","Condition","SNOMED","S"
"heartf",4037495,"Dilated peripartum cardiomyopathy","From descendants","Condition","SNOMED","S"
"heartf",4111554,"Decompensated cardiac failure","From descendants","Condition","SNOMED","S"
"heartf",4259490,"Cardiorespiratory failure","From descendants","Condition","SNOMED","S"
"heartf",312383,"Postpartum cardiomyopathy","From descendants","Condition","SNOMED","S"
"heartf",4307356,"Cor pulmonale","From descendants","Condition","SNOMED","S"
"heartf",37163135,"Right ventricular failure with sepsis","From descendants","Condition","SNOMED","S"
"heartf",4108245,"Acute left ventricular failure","From descendants","Condition","SNOMED","S"
"heartf",4184497,"Rheumatic left ventricular failure","From descendants","Condition","SNOMED","S"
"heartf",317000,"Kyphoscoliotic heart disease","From descendants","Condition","SNOMED","S"
"heartf",37163264,"Right ventricular failure due to pulmonary disease","From descendants","Condition","SNOMED","S"
"heartf",37163268,"Right ventricular failure due to right ventricular infarction","From descendants","Condition","SNOMED","S"
"heartf",40482857,"Cardiorenal syndrome","From descendants","Condition","SNOMED","S"
"heartf",312927,"Acute cor pulmonale","From descendants","Condition","SNOMED","S"
"heartf",4177493,"Cardiac insufficiency due to prosthesis","From descendants","Condition","SNOMED","S"
"heartf",4178585,"Rheumatic pulmonary valve failure","From descendants","Condition","SNOMED","S"
"heartf",43530961,"Induced termination of pregnancy complicated by cardiac failure","From descendants","Condition","SNOMED","S"
"heartf",4195892,"Chronic cor pulmonale","From descendants","Condition","SNOMED","S"
"heartf",4141124,"Postvalvulotomy syndrome","From descendants","Condition","SNOMED","S"
"heartf",4221806,"Rheumatic mitral valve failure","From descendants","Condition","SNOMED","S"
"heartf",36716182,"Acute kidney injury due to circulatory failure","From descendants","Condition","SNOMED","S"
"heartf",4233224,"Cardiac insufficiency during AND/OR resulting from a procedure","From descendants","Condition","SNOMED","S"
"heartf",37163128,"Myocardial dysfunction with sepsis","From descendants","Condition","SNOMED","S"
"heartf",37167218,"Postcardiotomy acute right ventricular failure","From descendants","Condition","SNOMED","S"
"heartf",4108244,"Compensated cardiac failure","From descendants","Condition","SNOMED","S"
"heartf",4185565,"Low cardiac output syndrome","From descendants","Condition","SNOMED","S"
"stroke",36716757,"Perinatal arterial ischemic stroke of fetus and/or neonate","From initial search","Condition","SNOMED","S"
"stroke",43531610,"Spasticity as sequela of stroke","From initial search","Condition","SNOMED","S"
"stroke",43530670,"Ischemic stroke without coma","From initial search","Condition","SNOMED","S"
"stroke",761790,"Nonpyogenic cerebral venous thrombosis with stroke","From initial search","Condition","SNOMED","S"
"stroke",762345,"Left vertebral artery thrombosis with stroke","From initial search","Condition","SNOMED","S"
"stroke",43530736,"Sequela of cardioembolic stroke","From initial search","Condition","SNOMED","S"
"stroke",443599,"Paralytic syndrome of nondominant side as late effect of stroke","From initial search","Condition","SNOMED","S"
"stroke",443609,"Paralytic syndrome of dominant side as late effect of stroke","From initial search","Condition","SNOMED","S"
"stroke",4181404,"Heat stroke","From initial search","Condition","SNOMED","S"
"stroke",4102413,"Stroke test negative","From initial search","Condition","SNOMED","S"
"stroke",36716860,"Late effects of cerebral ischemic stroke","From initial search","Condition","SNOMED","S"
"stroke",37110239,"Cerebral ischemic stroke due to extracranial large artery atherosclerosis","From initial search","Condition","SNOMED","S"
"stroke",37312016,"Cerebral ischemic stroke due to aortic arch embolism","From initial search","Condition","SNOMED","S"
"stroke",37161434,"Maternal epilepsy due to perinatal stroke","From initial search","Condition","SNOMED","S"
"stroke",4006295,"Nonparalytic stroke","From initial search","Condition","SNOMED","S"
"stroke",43531617,"Alteration of sensation as late effect of stroke","From initial search","Condition","SNOMED","S"
"stroke",761794,"Right vertebral artery embolism with stroke","From initial search","Condition","SNOMED","S"
"stroke",36716999,"Cerebellar stroke","From initial search","Condition","SNOMED","S"
"stroke",4090535,"Sunstroke","From initial search","Condition","SNOMED","S"
"stroke",4045747,"Anterior circulation stroke of uncertain pathology","From initial search","Condition","SNOMED","S"
"stroke",4045755,"Spinal cord stroke","From initial search","Condition","SNOMED","S"
"stroke",4099974,"Completed stroke","From initial search","Condition","SNOMED","S"
"stroke",762339,"Right anterior cerebral artery embolism with stroke","From initial search","Condition","SNOMED","S"
"stroke",44782781,"Hemiplegia and/or hemiparesis following stroke","From initial search","Condition","SNOMED","S"
"stroke",4079008,"Chronic central post-stroke pain","From initial search","Condition","SNOMED","S"
"stroke",37110237,"Cerebral ischemic stroke due to small artery occlusion","From initial search","Condition","SNOMED","S"
"stroke",37110238,"Cerebral ischemic stroke due to intracranial large artery atherosclerosis","From initial search","Condition","SNOMED","S"
"stroke",37110678,"Cerebral ischemic stroke due to occlusion of extracranial large artery","From initial search","Condition","SNOMED","S"
"stroke",36675148,"Autosomal recessive leukoencephalopathy, ischemic stroke, retinitis pigmentosa syndrome","From initial search","Condition","SNOMED","S"
"stroke",4219010,"Juvenile myopathy, encephalopathy, lactic acidosis, stroke","From initial search","Condition","SNOMED","S"
"stroke",43530611,"Paralytic syndrome of both lower limbs as sequela of stroke","From initial search","Condition","SNOMED","S"
"stroke",44782753,"Weakness as a late effect of stroke","From initial search","Condition","SNOMED","S"
"stroke",4168056,"Stroke in the puerperium","From initial search","Condition","SNOMED","S"
"stroke",4310996,"Ischemic stroke","From initial search","Condition","SNOMED","S"
"stroke",440426,"Vertigo as late effect of stroke","From initial search","Condition","SNOMED","S"
"stroke",4238315,"Progressing stroke","From initial search","Condition","SNOMED","S"
"stroke",4088120,"Rapid upstroke pulse","From initial search","Condition","SNOMED","S"
"stroke",4102412,"Stroke test positive","From initial search","Condition","SNOMED","S"
"stroke",42535686,"Monoplegia of arm as late effect of ischemic stroke","From initial search","Condition","SNOMED","S"
"stroke",43531595,"Weakness of extremities as sequela of stroke","From initial search","Condition","SNOMED","S"
"stroke",37161435,"Fetal epilepsy due to perinatal stroke","From initial search","Condition","SNOMED","S"
"stroke",37161495,"Neonatal epilepsy due to perinatal stroke","From initial search","Condition","SNOMED","S"
"stroke",37162757,"Cathepsin A-related arteriopathy, strokes, leukoencephalopathy","From initial search","Condition","SNOMED","S"
"stroke",4023571,"Paralytic stroke","From initial search","Condition","SNOMED","S"
"stroke",761791,"Left cerebellar artery thrombosis with stroke","From initial search","Condition","SNOMED","S"
"stroke",761798,"Basilar artery embolism with stroke","From initial search","Condition","SNOMED","S"
"stroke",4111711,"Cerebellar stroke syndrome","From initial search","Condition","SNOMED","S"
"stroke",4045748,"Posterior circulation stroke of uncertain pathology","From initial search","Condition","SNOMED","S"
"stroke",43530732,"Sequela of lacunar stroke","From initial search","Condition","SNOMED","S"
"stroke",4153352,"Embolic stroke","From initial search","Condition","SNOMED","S"
"stroke",37312017,"Cerebral ischemic stroke due to dissection of artery","From initial search","Condition","SNOMED","S"
"stroke",43531605,"Occlusion of cerebral artery with stroke","From initial search","Condition","SNOMED","S"
"stroke",43530612,"Paralytic syndrome of all four limbs as sequela of stroke","From initial search","Condition","SNOMED","S"
"stroke",4159140,"Thrombotic stroke","From initial search","Condition","SNOMED","S"
"stroke",4211509,"Cardioembolic stroke","From initial search","Condition","SNOMED","S"
"stroke",4146293,"Paralytic syndrome as late effect of thalamic stroke","From initial search","Condition","SNOMED","S"
"stroke",4280420,"Stroke test finding","From initial search","Condition","SNOMED","S"
"stroke",761795,"Left vertebral artery embolism with stroke","From initial search","Condition","SNOMED","S"
"stroke",603326,"Cryptogenic stroke","From initial search","Condition","SNOMED","S"
"stroke",42535419,"Monoplegia of arm as late effect of stroke","From initial search","Condition","SNOMED","S"
"stroke",4189462,"Occlusive stroke","From initial search","Condition","SNOMED","S"
"stroke",42536884,"Exertional heat stroke","From initial search","Condition","SNOMED","S"
"stroke",37312014,"Cerebral ischemic stroke due to hypercoagulable state","From initial search","Condition","SNOMED","S"
"stroke",37162743,"Pediatric arterial ischemic stroke","From initial search","Condition","SNOMED","S"
"stroke",606048,"Neonatal ischemic stroke","From initial search","Condition","SNOMED","S"
"stroke",43530669,"Ischemic stroke with coma","From initial search","Condition","SNOMED","S"
"stroke",4046363,"Stroke of uncertain pathology","From initial search","Condition","SNOMED","S"
"stroke",42539180,"Monoplegia of right nondominant arm as late effect of stroke","From initial search","Condition","SNOMED","S"
"stroke",762340,"Left anterior cerebral artery embolism with stroke","From initial search","Condition","SNOMED","S"
"stroke",4159152,"Neonatal stroke","From initial search","Condition","SNOMED","S"
"stroke",43530744,"Weakness of face muscles as sequela of stroke","From initial search","Condition","SNOMED","S"
"stroke",372654,"Paralytic syndrome as late effect of stroke","From initial search","Condition","SNOMED","S"
"stroke",37110241,"Stroke co-occurrent with migraine","From initial search","Condition","SNOMED","S"
"stroke",37312015,"Cerebral ischemic stroke due to global hypoperfusion with watershed infarct","From initial search","Condition","SNOMED","S"
"stroke",43531592,"Sequela of thrombotic stroke","From initial search","Condition","SNOMED","S"
"stroke",759831,"Bilateral paralytic syndrome as late effect of stroke","From initial search","Condition","SNOMED","S"
"stroke",35609033,"Haemorrhagic stroke","From initial search","Condition","SNOMED","S"
"stroke",43530665,"Seizure disorder as sequela of stroke","From initial search","Condition","SNOMED","S"
"stroke",4111710,"Brainstem stroke syndrome","From initial search","Condition","SNOMED","S"
"stroke",37110765,"Ischemic stroke without residual deficits","From initial search","Condition","SNOMED","S"
"stroke",37110679,"Cerebral ischemic stroke due to stenosis of extracranial large artery","From initial search","Condition","SNOMED","S"
"stroke",37312013,"Cerebral ischemic stroke due to subarachnoid hemorrhage","From initial search","Condition","SNOMED","S"
"stroke",37173188,"Cerebrovascular accident due to thrombosis of bilateral vertebral arteries","From descendants","Condition","SNOMED","S"
"stroke",609188,"Cerebrovascular accident due to embolism of bilateral posterior cerebral arteries","From descendants","Condition","SNOMED","S"
"stroke",4045738,"Pure sensory lacunar infarction","From descendants","Condition","SNOMED","S"
"stroke",4086178,"Weber-Gubler syndrome","From descendants","Condition","SNOMED","S"
"stroke",4078314,"Foville syndrome","From descendants","Condition","SNOMED","S"
"stroke",42535466,"Lacunar ataxic hemiparesis of left dominant side","From descendants","Condition","SNOMED","S"
"stroke",42535508,"Cerebrovascular accident due to occlusion of left cerebellar artery by embolus","From descendants","Condition","SNOMED","S"
"stroke",42539166,"Cerebrovascular accident due to thrombus of left carotid artery","From descendants","Condition","SNOMED","S"
"stroke",765518,"Monoplegia of dominant lower limb due to and following ischemic cerebrovascular accident","From descendants","Condition","SNOMED","S"
"stroke",42535681,"Cognitive deficit due to and following ischemic cerebrovascular accident","From descendants","Condition","SNOMED","S"
"stroke",42535690,"Speech and language deficit as sequela of ischemic cerebrovascular accident","From descendants","Condition","SNOMED","S"
"stroke",764851,"Monoplegia of dominant upper limb due to and following embolic cerebrovascular accident","From descendants","Condition","SNOMED","S"
"stroke",37164462,"Malignant middle cerebral artery syndrome","From descendants","Condition","SNOMED","S"
"stroke",42534983,"Weakness of left facial muscle as sequela of cerebrovascular accident","From descendants","Condition","SNOMED","S"
"stroke",608742,"Cerebrovascular accident due to embolism of bilateral carotid arteries","From descendants","Condition","SNOMED","S"
"stroke",42535113,"Cerebrovascular accident due to thrombus of right middle cerebral artery","From descendants","Condition","SNOMED","S"
"stroke",4045737,"Pure motor lacunar infarction","From descendants","Condition","SNOMED","S"
"stroke",762091,"Monoplegia of right nondominant lower limb due to and following cerebrovascular accident","From descendants","Condition","SNOMED","S"
"stroke",765462,"Monoplegia of right dominant upper limb due to and following cerebrovascular accident","From descendants","Condition","SNOMED","S"
"stroke",42535512,"Cerebrovascular accident due to thrombus of right carotid artery","From descendants","Condition","SNOMED","S"
"stroke",42535524,"Lacunar ataxic hemiparesis of right nondominant side","From descendants","Condition","SNOMED","S"
"stroke",609313,"Cerebrovascular accident due to embolism of right carotid artery","From descendants","Condition","SNOMED","S"
"stroke",609314,"Cerebrovascular accident due to thrombosis of right posterior cerebral artery","From descendants","Condition","SNOMED","S"
"stroke",40482266,"Monoplegia of nondominant upper limb as a late effect of cerebrovascular accident","From descendants","Condition","SNOMED","S"
"stroke",42535679,"Dysphasia due to and following ischemic cerebrovascular accident","From descendants","Condition","SNOMED","S"
"stroke",36685004,"Ataxia due to and following ischemic cerebrovascular accident","From descendants","Condition","SNOMED","S"
"stroke",42535704,"Hemiplegia of nondominant side as sequela of embolic cerebrovascular accident","From descendants","Condition","SNOMED","S"
"stroke",618670,"Cerebrovascular accident due to embolism of bilateral vertebral arteries","From descendants","Condition","SNOMED","S"
"stroke",618686,"Cerebrovascular accident due to thrombosis of left posterior cerebral artery","From descendants","Condition","SNOMED","S"
"stroke",619830,"Cerebrovascular accident due to embolism of basilar artery","From descendants","Condition","SNOMED","S"
"stroke",37167963,"Cerebrovascular accident due to thrombosis of anterior cerebral artery","From descendants","Condition","SNOMED","S"
"stroke",605421,"Cerebrovascular accident due to embolism of bilateral anterior cerebral arteries","From descendants","Condition","SNOMED","S"
"stroke",42534989,"Paraplegia as sequela of cerebrovascular accident","From descendants","Condition","SNOMED","S"
"stroke",4045740,"Lacunar ataxic hemiparesis","From descendants","Condition","SNOMED","S"
"stroke",609263,"Cerebrovascular accident due to embolism of left anterior cerebral artery","From descendants","Condition","SNOMED","S"
"stroke",4077819,"Millard-Gubler syndrome","From descendants","Condition","SNOMED","S"
"stroke",762089,"Monoplegia of left dominant lower limb due to and following cerebrovascular accident","From descendants","Condition","SNOMED","S"
"stroke",765461,"Monoplegia of right dominant lower limb due to and following cerebrovascular accident","From descendants","Condition","SNOMED","S"
"stroke",762093,"Monoplegia of left dominant upper limb due to and following cerebrovascular accident","From descendants","Condition","SNOMED","S"
"stroke",42535504,"Cerebrovascular accident due to occlusion of left middle cerebral artery by embolus","From descendants","Condition","SNOMED","S"
"stroke",443525,"Monoplegia of dominant upper limb as a late effect of cerebrovascular accident","From descendants","Condition","SNOMED","S"
"stroke",40480273,"Superior cerebellar artery syndrome","From descendants","Condition","SNOMED","S"
"stroke",618628,"Cerebrovascular accident due to embolism of left vertebral artery","From descendants","Condition","SNOMED","S"
"stroke",36685003,"Aphasia due to and following ischemic cerebrovascular accident","From descendants","Condition","SNOMED","S"
"stroke",42535702,"Weakness of facial muscle as sequela of embolic cerebrovascular accident","From descendants","Condition","SNOMED","S"
"stroke",618677,"Cerebrovascular accident due to embolism of right vertebral artery","From descendants","Condition","SNOMED","S"
"stroke",37169605,"Fatigue due to and following ischemic cerebrovascular accident","From descendants","Condition","SNOMED","S"
"stroke",37172241,"Cerebrovascular accident due to thrombosis of bilateral cerebellar arteries","From descendants","Condition","SNOMED","S"
"stroke",4046361,"Pure sensorimotor lacunar infarction","From descendants","Condition","SNOMED","S"
"stroke",42535465,"Lacunar ataxic hemiparesis of right dominant side","From descendants","Condition","SNOMED","S"
"stroke",763095,"Posterior inferior cerebellar artery occlusion with infarction","From descendants","Condition","SNOMED","S"
"stroke",604171,"Cerebrovascular accident due to thrombosis of right cerebellar artery","From descendants","Condition","SNOMED","S"
"stroke",43530742,"Paralytic syndrome on one side of the body as late effect of cerebrovascular accident","From descendants","Condition","SNOMED","S"
"stroke",42535676,"Hemiplegia of nondominant side as sequela of ischemic cerebrovascular accident","From descendants","Condition","SNOMED","S"
"stroke",764815,"Hemiplegia of nondominant side due to and following hemorrhagic cerebrovascular accident","From descendants","Condition","SNOMED","S"
"stroke",764820,"Monoplegia of lower limb due to and following ischemic cerebrovascular accident","From descendants","Condition","SNOMED","S"
"stroke",42535687,"Apraxia as sequela of ischemic cerebrovascular accident","From descendants","Condition","SNOMED","S"
"stroke",764850,"Monoplegia of nondominant upper limb due to and following embolic cerebrovascular accident","From descendants","Condition","SNOMED","S"
"stroke",764853,"Hemiplegia of dominant side due to and following embolic cerebrovascular accident","From descendants","Condition","SNOMED","S"
"stroke",618684,"Cerebrovascular accident due to embolism of right anterior cerebral artery","From descendants","Condition","SNOMED","S"
"stroke",37169686,"Psychomotor retardation due to and following ischemic cerebrovascular accident","From descendants","Condition","SNOMED","S"
"stroke",37170052,"Cerebrovascular accident due to thrombosis of left anterior cerebral artery","From descendants","Condition","SNOMED","S"
"stroke",42535503,"Cerebrovascular accident due to occlusion of right middle cerebral artery by embolus","From descendants","Condition","SNOMED","S"
"stroke",42535506,"Cerebrovascular accident due to occlusion of left posterior cerebral artery by embolus","From descendants","Condition","SNOMED","S"
"stroke",764814,"Monoplegia of dominant upper limb due to and following ischemic cerebrovascular accident","From descendants","Condition","SNOMED","S"
"stroke",764852,"Monoplegia of upper limb due to and following embolic cerebrovascular accident","From descendants","Condition","SNOMED","S"
"stroke",37173015,"Cerebrovascular accident due to thrombosis of bilateral carotid arteries","From descendants","Condition","SNOMED","S"
"stroke",37174009,"Weakness of facial muscle due to and following hemorrhagic cerebrovascular accident","From descendants","Condition","SNOMED","S"
"stroke",761789,"Cerebrovascular accident due to thrombus of right cerebellar artery","From descendants","Condition","SNOMED","S"
"stroke",42535505,"Cerebrovascular accident due to occlusion of right posterior cerebral artery by embolus","From descendants","Condition","SNOMED","S"
"stroke",197303,"Monoplegia of dominant lower limb as a late effect of cerebrovascular accident","From descendants","Condition","SNOMED","S"
"stroke",40481389,"Hemiparesis as late effect of cerebrovascular accident","From descendants","Condition","SNOMED","S"
"stroke",42535677,"Hemiplegia of dominant side as sequela of ischemic cerebrovascular accident","From descendants","Condition","SNOMED","S"
"stroke",764817,"Fluency disorder due to and following ischemic cerebrovascular accident","From descendants","Condition","SNOMED","S"
"stroke",42535684,"Vertigo as sequela of ischemic cerebrovascular accident","From descendants","Condition","SNOMED","S"
"stroke",42535688,"Weakness of facial muscle as sequela of ischemic cerebrovascular accident","From descendants","Condition","SNOMED","S"
"stroke",764849,"Monoplegia of lower limb due to and following embolic cerebrovascular accident","From descendants","Condition","SNOMED","S"
"stroke",4301259,"Posterior inferior cerebellar artery syndrome","From descendants","Condition","SNOMED","S"
"stroke",619933,"Cerebrovascular accident due to embolism of bilateral middle cerebral arteries","From descendants","Condition","SNOMED","S"
"stroke",619944,"Cerebrovascular accident due to thrombosis of left cerebellar artery","From descendants","Condition","SNOMED","S"
"stroke",37170768,"Cerebrovascular accident due to thrombosis of bilateral posterior cerebral arteries","From descendants","Condition","SNOMED","S"
"stroke",37174313,"Cerebrovascular accident due to thrombosis of right anterior cerebral artery","From descendants","Condition","SNOMED","S"
"stroke",42539260,"Weakness of right facial muscle as sequela of cerebrovascular accident","From descendants","Condition","SNOMED","S"
"stroke",42535114,"Cerebrovascular accident due to thrombus of left middle cerebral artery","From descendants","Condition","SNOMED","S"
"stroke",37309661,"Memory deficit due to and following ischemic cerebrovascular accident","From descendants","Condition","SNOMED","S"
"stroke",42535416,"Monoplegia of lower limb as sequela of cerebrovascular accident","From descendants","Condition","SNOMED","S"
"stroke",42535417,"Monoplegia of left nondominant upper limb as sequela of cerebrovascular accident","From descendants","Condition","SNOMED","S"
"stroke",42535507,"Cerebrovascular accident due to occlusion of right cerebellar artery by embolus","From descendants","Condition","SNOMED","S"
"stroke",762344,"Cerebrovascular accident due to thrombus of right vertebral artery","From descendants","Condition","SNOMED","S"
"stroke",42535511,"Cerebrovascular accident due to thrombus of basilar artery","From descendants","Condition","SNOMED","S"
"stroke",763094,"Anterior inferior cerebellar artery occlusion with infarction","From descendants","Condition","SNOMED","S"
"stroke",40480946,"Monoplegia of nondominant lower limb as a late effect of cerebrovascular accident","From descendants","Condition","SNOMED","S"
"stroke",618672,"Cerebrovascular accident due to thrombosis of left vertebral artery","From descendants","Condition","SNOMED","S"
"stroke",618688,"Cerebrovascular accident due to embolism of left carotid artery","From descendants","Condition","SNOMED","S"
"stroke",4337830,"Claude's syndrome","From descendants","Condition","SNOMED","S"
"stroke",4045741,"Dysarthria-clumsy hand syndrome","From descendants","Condition","SNOMED","S"
"stroke",762090,"Monoplegia of left nondominant lower limb due to and following cerebrovascular accident","From descendants","Condition","SNOMED","S"
"stroke",42535523,"Lacunar ataxic hemiparesis of left nondominant side","From descendants","Condition","SNOMED","S"
"stroke",765907,"Occlusion and stenosis of middle cerebral artery with infarction","From descendants","Condition","SNOMED","S"
"stroke",40484910,"Hemiplegia as late effect of cerebrovascular accident","From descendants","Condition","SNOMED","S"
"stroke",618627,"Cerebrovascular accident due to thrombosis of right vertebral artery","From descendants","Condition","SNOMED","S"
"stroke",602613,"Cerebrovascular accident due to embolism of bilateral cerebellar arteries","From descendants","Condition","SNOMED","S"
"stroke",764813,"Monoplegia of nondominant lower limb due to and following ischemic cerebrovascular accident","From descendants","Condition","SNOMED","S"
"stroke",36685002,"Dysarthria due to and following ischemic cerebrovascular accident","From descendants","Condition","SNOMED","S"
